benchmark,backbone,backbone_short,seed,config,qz_sweep,qz_run_id,lr,init_lr,gamma,hidden_dim,batch_size,init_batch_size,buffer_batch,avg_acc,avg_inc_acc,bwt,task0_final,collapsed
cifar_100,dinov3_vitb16,v3-B/16,7,paperhp,dinov3_min_focused,af00f92dfdf2,5e-05,0.001,100,96,512,512,2000,86.4,91.56,-0.0519,90.6,False
cifar_100,dinov3_vitb16,v3-B/16,42,paperhp,dinov3_min_focused,af00f92dfdf2,5e-05,0.001,100,96,512,512,2000,88.99,93.29,-0.0523,95.2,False
cifar_100,dinov3_vitb16,v3-B/16,1993,paperhp,dinov3_min_focused,af00f92dfdf2,5e-05,0.001,100,96,512,512,2000,85.14,91.03,-0.0628,92.6,False
cifar_100,dinov3_vitb16,v3-B/16,2024,paperhp,dinov3_min_focused,af00f92dfdf2,5e-05,0.001,100,96,512,512,2000,89.1,93.95,-0.042,89.6,False
cifar_100,dinov3_vitb16,v3-B/16,31337,paperhp,dinov3_min_focused,af00f92dfdf2,5e-05,0.001,100,96,512,512,2000,89.48,93.71,-0.0414,93.6,False
cifar_100,dinov3_vith16,v3-H/16,7,paperhp,min_dinov3vith16_cifar100_boil,289baabd9b50,1e-06,0.0001,10,192,96,96,1000,88.8,93.06,-0.0426,94.2,False
cifar_100,dinov3_vith16,v3-H/16,42,paperhp,min_dinov3vith16_cifar100_boil,289baabd9b50,1e-06,0.0001,10,192,96,96,1000,92.26,95.14,-0.0353,98.6,False
cifar_100,dinov3_vith16,v3-H/16,1993,paperhp,min_dinov3vith16_cifar100_boil,289baabd9b50,1e-06,0.0001,10,192,96,96,1000,76.68,85.25,-0.0872,92.0,False
cifar_100,dinov3_vith16,v3-H/16,2024,paperhp,min_dinov3vith16_cifar100_boil,289baabd9b50,1e-06,0.0001,10,192,96,96,1000,92.52,96.11,-0.0301,94.2,False
cifar_100,dinov3_vith16,v3-H/16,31337,paperhp,min_dinov3vith16_cifar100_boil,289baabd9b50,1e-06,0.0001,10,192,96,96,1000,90.77,95.05,-0.0376,98.0,False
cifar_100,dinov3_vitl16,v3-L/16,7,paperhp,all_classes_min_dinov3l,fddf45396a44,5e-05,0.001,75,192,128,128,500,83.8,89.34,-0.0564,91.2,False
cifar_100,dinov3_vitl16,v3-L/16,42,paperhp,all_classes_min_dinov3l,fddf45396a44,5e-05,0.001,75,192,128,128,500,83.6,89.18,-0.0709,96.6,False
cifar_100,dinov3_vitl16,v3-L/16,1993,paperhp,all_classes_min_dinov3l,fddf45396a44,5e-05,0.001,75,192,128,128,500,81.46,88.42,-0.0747,93.6,False
cifar_100,dinov3_vitl16,v3-L/16,2024,paperhp,all_classes_min_dinov3l,fddf45396a44,5e-05,0.001,75,192,128,128,500,86.18,92.15,-0.0488,90.6,False
cifar_100,dinov3_vitl16,v3-L/16,31337,paperhp,all_classes_min_dinov3l,fddf45396a44,5e-05,0.001,75,192,128,128,500,86.25,91.85,-0.0468,96.4,False
cub_200,dinov3_vitb16,v3-B/16,7,paperhp,dinov3_min_focused,6eb614af33dd,0.0002,0.001,75,192,256,256,1000,90.58,94.75,-0.0409,89.47,False
cub_200,dinov3_vitb16,v3-B/16,42,paperhp,dinov3_min_focused,6eb614af33dd,0.0002,0.001,75,192,256,256,1000,90.87,93.64,-0.0399,93.29,False
cub_200,dinov3_vitb16,v3-B/16,1993,paperhp,dinov3_min_focused,6eb614af33dd,0.0002,0.001,75,192,256,256,1000,90.95,94.84,-0.0382,87.13,False
cub_200,dinov3_vitb16,v3-B/16,2024,paperhp,dinov3_min_focused,6eb614af33dd,0.0002,0.001,75,192,256,256,1000,90.52,94.73,-0.0474,94.07,False
cub_200,dinov3_vitb16,v3-B/16,31337,paperhp,dinov3_min_focused,6eb614af33dd,0.0002,0.001,75,192,256,256,1000,91.02,93.59,-0.0367,88.14,False
cub_200,dinov3_vith16,v3-H/16,7,paperhp,all_classes_min_dinov3h_sweep,ca3b6a24447b,1e-05,0.001,25,192,64,64,256,89.46,94.47,-0.0487,87.72,False
cub_200,dinov3_vith16,v3-H/16,42,paperhp,all_classes_min_dinov3h_sweep,ca3b6a24447b,1e-05,0.001,25,192,64,64,256,7.0,21.69,-0.2043,0.67,True
cub_200,dinov3_vith16,v3-H/16,1993,paperhp,all_classes_min_dinov3h_sweep,ca3b6a24447b,1e-05,0.001,25,192,64,64,256,89.92,93.71,-0.0409,84.16,False
cub_200,dinov3_vith16,v3-H/16,2024,paperhp,all_classes_min_dinov3h_sweep,ca3b6a24447b,1e-05,0.001,25,192,64,64,256,89.04,93.82,-0.0496,92.59,False
cub_200,dinov3_vith16,v3-H/16,31337,paperhp,all_classes_min_dinov3h_sweep,ca3b6a24447b,1e-05,0.001,25,192,64,64,256,89.76,92.73,-0.0391,88.98,False
cub_200,dinov3_vitl16,v3-L/16,7,paperhp,all_classes_min_dinov3l,5b8357f64734,5e-05,0.001,75,192,128,128,500,91.6,95.48,-0.0353,88.6,False
cub_200,dinov3_vitl16,v3-L/16,42,paperhp,all_classes_min_dinov3l,5b8357f64734,5e-05,0.001,75,192,128,128,500,91.73,94.07,-0.0353,93.29,False
cub_200,dinov3_vitl16,v3-L/16,1993,paperhp,all_classes_min_dinov3l,5b8357f64734,5e-05,0.001,75,192,128,128,500,91.65,95.09,-0.0359,87.13,False
cub_200,dinov3_vitl16,v3-L/16,2024,paperhp,all_classes_min_dinov3l,5b8357f64734,5e-05,0.001,75,192,128,128,500,92.01,95.88,-0.0361,95.56,False
cub_200,dinov3_vitl16,v3-L/16,31337,paperhp,all_classes_min_dinov3l,5b8357f64734,5e-05,0.001,75,192,128,128,500,92.03,94.53,-0.0303,93.22,False
imagenet_a,dinov3_vitb16,v3-B/16,7,paperhp,dinov3_min_remaining,81636b1fe740,0.0002,0.001,75,192,256,256,1000,72.95,81.96,-0.1105,68.35,False
imagenet_a,dinov3_vitb16,v3-B/16,42,paperhp,dinov3_min_remaining,81636b1fe740,0.0002,0.001,75,192,256,256,1000,73.02,82.52,-0.1049,80.79,False
imagenet_a,dinov3_vitb16,v3-B/16,1993,paperhp,dinov3_min_remaining,81636b1fe740,0.0002,0.001,75,192,256,256,1000,72.06,81.4,-0.1056,73.28,False
imagenet_a,dinov3_vitb16,v3-B/16,2024,paperhp,dinov3_min_remaining,81636b1fe740,0.0002,0.001,75,192,256,256,1000,72.16,81.83,-0.0937,72.14,False
imagenet_a,dinov3_vitb16,v3-B/16,31337,paperhp,dinov3_min_remaining,81636b1fe740,0.0002,0.001,75,192,256,256,1000,73.08,81.91,-0.1094,73.33,False
imagenet_a,dinov3_vith16,v3-H/16,7,paperhp,all_classes_min_dinov3h_sweep,126c1991af0e,1e-05,0.001,50,192,64,64,256,38.45,54.71,-0.1707,51.8,True
imagenet_a,dinov3_vith16,v3-H/16,42,paperhp,all_classes_min_dinov3h_sweep,126c1991af0e,1e-05,0.001,50,192,64,64,256,17.59,37.8,-0.2525,15.23,True
imagenet_a,dinov3_vith16,v3-H/16,1993,paperhp,all_classes_min_dinov3h_sweep,126c1991af0e,1e-05,0.001,50,192,64,64,256,16.23,34.9,-0.2427,6.9,True
imagenet_a,dinov3_vith16,v3-H/16,2024,paperhp,all_classes_min_dinov3h_sweep,126c1991af0e,1e-05,0.001,50,192,64,64,256,51.0,66.21,-0.1156,70.0,False
imagenet_a,dinov3_vith16,v3-H/16,31337,paperhp,all_classes_min_dinov3h_sweep,126c1991af0e,1e-05,0.001,50,192,64,64,256,37.16,54.43,-0.163,54.07,True
imagenet_a,dinov3_vitl16,v3-L/16,7,paperhp,all_classes_min_dinov3l,a985397d7e51,5e-05,0.001,75,192,128,128,500,83.81,89.6,-0.0655,84.17,False
imagenet_a,dinov3_vitl16,v3-L/16,42,paperhp,all_classes_min_dinov3l,a985397d7e51,5e-05,0.001,75,192,128,128,500,82.94,89.36,-0.0607,91.39,False
imagenet_a,dinov3_vitl16,v3-L/16,1993,paperhp,all_classes_min_dinov3l,a985397d7e51,5e-05,0.001,75,192,128,128,500,84.03,89.79,-0.0666,81.03,False
imagenet_a,dinov3_vitl16,v3-L/16,2024,paperhp,all_classes_min_dinov3l,a985397d7e51,5e-05,0.001,75,192,128,128,500,79.86,87.89,-0.0689,81.43,False
imagenet_a,dinov3_vitl16,v3-L/16,31337,paperhp,all_classes_min_dinov3l,a985397d7e51,5e-05,0.001,75,192,128,128,500,82.99,88.51,-0.072,85.19,False
imagenet_r,dinov3_vitb16,v3-B/16,7,paperhp,dinov3_min_focused,c119cc4410e1,5e-05,0.001,75,192,256,256,1000,89.31,92.88,-0.0418,88.19,False
imagenet_r,dinov3_vitb16,v3-B/16,42,paperhp,dinov3_min_focused,c119cc4410e1,5e-05,0.001,75,192,256,256,1000,88.99,92.96,-0.0415,92.6,False
imagenet_r,dinov3_vitb16,v3-B/16,1993,paperhp,dinov3_min_focused,c119cc4410e1,5e-05,0.001,75,192,256,256,1000,89.84,94.08,-0.0481,88.68,False
imagenet_r,dinov3_vitb16,v3-B/16,2024,paperhp,dinov3_min_focused,c119cc4410e1,5e-05,0.001,75,192,256,256,1000,89.71,93.91,-0.0412,91.0,False
imagenet_r,dinov3_vitb16,v3-B/16,31337,paperhp,dinov3_min_focused,c119cc4410e1,5e-05,0.001,75,192,256,256,1000,89.57,93.62,-0.038,92.03,False
imagenet_r,dinov3_vith16,v3-H/16,7,paperhp,all_classes_min_dinov3h,f912d4b7b518,5e-05,0.001,75,192,64,64,256,37.67,51.41,-0.1368,58.33,True
imagenet_r,dinov3_vith16,v3-H/16,42,paperhp,all_classes_min_dinov3h,f912d4b7b518,5e-05,0.001,75,192,64,64,256,4.85,18.62,-0.2377,36.71,True
imagenet_r,dinov3_vith16,v3-H/16,1993,paperhp,all_classes_min_dinov3h,f912d4b7b518,5e-05,0.001,75,192,64,64,256,5.06,18.05,-0.3576,0.0,True
imagenet_r,dinov3_vith16,v3-H/16,2024,paperhp,all_classes_min_dinov3h,f912d4b7b518,5e-05,0.001,75,192,64,64,256,5.4,18.29,-0.2,16.96,True
imagenet_r,dinov3_vith16,v3-H/16,31337,paperhp,all_classes_min_dinov3h,f912d4b7b518,5e-05,0.001,75,192,64,64,256,53.07,64.91,-0.1021,77.74,False
imagenet_r,dinov3_vitl16,v3-L/16,7,paperhp,all_classes_min_dinov3l,87a04be3a554,5e-05,0.001,75,192,128,128,500,91.24,94.15,-0.0272,96.18,False
imagenet_r,dinov3_vitl16,v3-L/16,42,paperhp,all_classes_min_dinov3l,87a04be3a554,5e-05,0.001,75,192,128,128,500,90.54,93.83,-0.0298,96.99,False
imagenet_r,dinov3_vitl16,v3-L/16,1993,paperhp,all_classes_min_dinov3l,87a04be3a554,5e-05,0.001,75,192,128,128,500,92.46,95.22,-0.028,95.47,False
imagenet_r,dinov3_vitl16,v3-L/16,2024,paperhp,all_classes_min_dinov3l,87a04be3a554,5e-05,0.001,75,192,128,128,500,89.99,93.66,-0.0368,91.35,False
imagenet_r,dinov3_vitl16,v3-L/16,31337,paperhp,all_classes_min_dinov3l,87a04be3a554,5e-05,0.001,75,192,128,128,500,92.07,94.85,-0.0279,97.34,False
omnibenchmark,dinov3_vitb16,v3-B/16,7,paperhp,omni_min_sweep,3467206b03bf,5e-05,0.001,50,48,256,256,1000,81.19,89.13,-0.0949,89.8,False
omnibenchmark,dinov3_vitb16,v3-B/16,42,paperhp,omni_min_sweep,3467206b03bf,5e-05,0.001,50,48,256,256,1000,80.63,88.68,-0.0936,81.0,False
omnibenchmark,dinov3_vitb16,v3-B/16,1993,paperhp,omni_min_sweep,3467206b03bf,5e-05,0.001,50,48,256,256,1000,80.66,88.86,-0.1022,73.45,False
omnibenchmark,dinov3_vitb16,v3-B/16,2024,paperhp,omni_min_sweep,3467206b03bf,5e-05,0.001,50,48,256,256,1000,82.3,89.08,-0.0895,81.3,False
omnibenchmark,dinov3_vitb16,v3-B/16,31337,paperhp,omni_min_sweep,3467206b03bf,5e-05,0.001,50,48,256,256,1000,81.45,90.13,-0.0921,77.72,False
omnibenchmark,dinov3_vith16,v3-H/16,7,paperhp,all_classes_min_dinov3h_sweep,3677ab51f933,5e-05,0.001,50,192,64,64,256,18.36,37.9,-0.4634,8.19,True
omnibenchmark,dinov3_vith16,v3-H/16,42,paperhp,all_classes_min_dinov3h_sweep,3677ab51f933,5e-05,0.001,50,192,64,64,256,10.41,29.35,-0.9763,0.0,True
omnibenchmark,dinov3_vith16,v3-H/16,1993,paperhp,all_classes_min_dinov3h_sweep,3677ab51f933,5e-05,0.001,50,192,64,64,256,17.97,37.85,-0.4011,6.89,True
omnibenchmark,dinov3_vith16,v3-H/16,2024,paperhp,all_classes_min_dinov3h_sweep,3677ab51f933,5e-05,0.001,50,192,64,64,256,22.99,42.87,-0.284,22.7,True
omnibenchmark,dinov3_vith16,v3-H/16,31337,paperhp,all_classes_min_dinov3h_sweep,3677ab51f933,5e-05,0.001,50,192,64,64,256,16.75,36.74,-0.3543,17.25,True
omnibenchmark,dinov3_vitl16,v3-L/16,7,paperhp,all_classes_min_dinov3l,5ba8ece594d7,5e-05,0.001,75,192,128,128,500,79.4,88.05,-0.1239,87.12,False
omnibenchmark,dinov3_vitl16,v3-L/16,42,paperhp,all_classes_min_dinov3l,5ba8ece594d7,5e-05,0.001,75,192,128,128,500,77.93,86.14,-0.1101,78.17,False
omnibenchmark,dinov3_vitl16,v3-L/16,1993,paperhp,all_classes_min_dinov3l,5ba8ece594d7,5e-05,0.001,75,192,128,128,500,79.94,88.53,-0.1067,71.6,False
omnibenchmark,dinov3_vitl16,v3-L/16,2024,paperhp,all_classes_min_dinov3l,5ba8ece594d7,5e-05,0.001,75,192,128,128,500,80.98,87.66,-0.1143,75.63,False
omnibenchmark,dinov3_vitl16,v3-L/16,31337,paperhp,all_classes_min_dinov3l,5ba8ece594d7,5e-05,0.001,75,192,128,128,500,79.08,88.72,-0.1253,72.03,False
vtab,dinov3_vitb16,v3-B/16,7,paperhp,dinov3_min_remaining,f1befbc81767,0.0001,0.001,75,384,256,256,1000,95.2,97.16,-0.0385,91.14,False
vtab,dinov3_vitb16,v3-B/16,42,paperhp,dinov3_min_remaining,f1befbc81767,0.0001,0.001,75,384,256,256,1000,95.07,97.71,-0.0296,93.94,False
vtab,dinov3_vitb16,v3-B/16,1993,paperhp,dinov3_min_remaining,f1befbc81767,0.0001,0.001,75,384,256,256,1000,95.06,97.29,-0.0256,95.93,False
vtab,dinov3_vitb16,v3-B/16,2024,paperhp,dinov3_min_remaining,f1befbc81767,0.0001,0.001,75,384,256,256,1000,93.55,96.72,-0.0409,94.05,False
vtab,dinov3_vitb16,v3-B/16,31337,paperhp,dinov3_min_remaining,f1befbc81767,0.0001,0.001,75,384,256,256,1000,95.17,97.08,-0.028,94.26,False
vtab,dinov3_vith16,v3-H/16,7,paperhp,all_classes_min_dinov3h_sweep,8a0c2392da30,5e-05,0.001,25,192,64,64,256,39.48,61.88,-0.4466,27.43,True
vtab,dinov3_vith16,v3-H/16,42,paperhp,all_classes_min_dinov3h_sweep,8a0c2392da30,5e-05,0.001,25,192,64,64,256,81.61,90.99,-0.1105,77.1,False
vtab,dinov3_vith16,v3-H/16,1993,paperhp,all_classes_min_dinov3h_sweep,8a0c2392da30,5e-05,0.001,25,192,64,64,256,70.68,82.76,-0.2018,75.74,False
vtab,dinov3_vith16,v3-H/16,2024,paperhp,all_classes_min_dinov3h_sweep,8a0c2392da30,5e-05,0.001,25,192,64,64,256,38.23,64.79,-0.343,59.45,True
vtab,dinov3_vith16,v3-H/16,31337,paperhp,all_classes_min_dinov3h_sweep,8a0c2392da30,5e-05,0.001,25,192,64,64,256,27.85,54.21,-0.22,50.14,True
vtab,dinov3_vitl16,v3-L/16,7,paperhp,all_classes_min_dinov3l,40ff06a85884,5e-05,0.001,75,192,128,128,500,95.64,97.29,-0.0288,93.3,False
vtab,dinov3_vitl16,v3-L/16,42,paperhp,all_classes_min_dinov3l,40ff06a85884,5e-05,0.001,75,192,128,128,500,94.96,97.91,-0.0308,95.34,False
vtab,dinov3_vitl16,v3-L/16,1993,paperhp,all_classes_min_dinov3l,40ff06a85884,5e-05,0.001,75,192,128,128,500,94.94,96.88,-0.0261,96.74,False
vtab,dinov3_vitl16,v3-L/16,2024,paperhp,all_classes_min_dinov3l,40ff06a85884,5e-05,0.001,75,192,128,128,500,92.67,96.39,-0.0449,94.63,False
vtab,dinov3_vitl16,v3-L/16,31337,paperhp,all_classes_min_dinov3l,40ff06a85884,5e-05,0.001,75,192,128,128,500,94.56,96.98,-0.0315,95.53,False
